business_id,google_place_id
015d8482-8fc9-4fc2-9b48-5f19c4440289,ChIJwzyjxy4OdkgRAvIO-tQUJ7w
015e700e-7339-4281-9ff3-052c5ff9f775,ChIJ4d1ozx6l2EcR53_DQyoxmOE
016129c1-c8de-403f-9c43-7846ee7e07b3,ChIJgQ0iPQ272EcRMSUJTOBGG5o
02e28df4-2f5a-45f3-b552-1f717566fb1d,ChIJ22ginatsdkgR-12Yiko-HMc
03333bf5-209f-4a9c-9f12-6fd83e0a9d53,ChIJc8BhqSO72EcRKMesPmYBtEE
03be3e07-cbb9-40f6-b81e-bb1dc65acdc4,ChIJE6DQMaoiDasRewl6k5hita8
04350d4e-c31e-48f6-8c9d-fd75a8dff8fc,ChIJl0O-3o4NdkgR1XM1jKVdgQg
05b90f5b-f3a3-4f3c-931d-0e0215882e29,ChIJZWvTf0kfdkgRsiaKNjSRbIE
05ea264b-facc-45de-9c6c-ebd50748852b,ChIJyfpq_2OF6QYRHNQQlUYjM8k
06130d51-c23b-4077-9c44-83cae328da13,ChIJ6z4EgVFpdkgRi4rL9guET9s
0619ac65-b60f-41d1-b81f-2fe33de692d5,ChIJCTFngf6j2EcRBe8sFX_mjQk
069996bd-ace4-4d95-8654-93d15060fd00,ChIJ2QpWKhkOdkgR7vE7WKHRmBw
0ab7d980-7346-49e2-8413-b9d4976d8af4,ChIJp52W66Cv2EcRRIS0qGipiLA
0b2394d5-443e-43c1-ae76-be57feb8a6c8,ChIJlyR_JFEHdkgRvd-DFosVBGE
0cfde3e7-8341-485b-a73c-50532a185f12,ChIJydh9B_wfdkgR1XhcXZ1bRkA
0df469f1-61d7-4ee7-9219-00f0aee0f959,ChIJN95Zy8wTdkgRSOu3fWfMafY
0e1187eb-6ff2-43f4-814f-0a18f8620eec,ChIJwVslz9ARdkgRqjyFTIr70sc
0e697e88-8c5e-4de0-93f1-46376a067243,ChIJL3ez0CkKdkgR7uMeeM8gs5Y
0f2b2bbc-8d11-4667-9705-363363e63bef,ChIJtbn2c579dUgR_6X-ViRhJGY
0fd6d4d5-938c-446a-bb40-4816ed4ee68f,ChIJ3dxMuoUPdkgRL130BZoersA
1040a03b-e47e-4f0b-b2c0-f5b316c1e37b,ChIJv5kedler2EcR4Ox2PnQXa7I
10cd0aa7-7683-4458-930e-9e707361c0c3,ChIJZ2yChXwVdkgRoo3PnfBNZgw
110b2941-9156-424b-a522-4969568269fc,ChIJq6lLA4BzdkgRsWQMoSnL3mU
118a6f46-309f-4518-85c3-2a2fb96bd14e,ChIJaaZnae5sdkgRR5OINn1Px18
11f312e8-50f2-4f05-ad56-1999d69238c1,ChIJlxC5bwANdkgRLC_nXnylIw0
13d1d5f6-9438-410c-aa56-9082498de7aa,ChIJUb01P61tdkgR85UCC_977us
14bb9b3e-7c8c-467e-8968-e2263feed75e,ChIJU88b0Qeq2EcRwny5JV5IxSA
152df8b6-0330-4962-b4ef-ec3fcc6c7279,ChIJrRaF15-r2EcRQ8x2yoZnF7Y
15612972-4c4e-43a1-be76-13531c75f2a6,ChIJP-1uIgQRdkgRC7CK-SLWD3c
1947d50e-9c50-41e4-9301-75036e4caf4f,ChIJMX1rV2QPdkgRGsMWk8tMN_k
1949c24f-d17d-4661-92c0-3a1412bc6874,ChIJLZt3mAm72EcRG-HGSVa-RzI
1999515f-a7ef-43b2-b3bf-c764a67be9a5,ChIJNR8VCWwRjGYRorWogSxsxYk
19c47419-5d29-415d-9d0d-6847fe46fb3b,ChIJkd0g7ekDdkgRIKXk-JXEasg
1c21e8f0-0ac7-43e3-bbf2-7c4988dc5670,ChIJaXhTosKl2EcRvEK4XXrW0Eg
1c96eb8b-170a-4a1f-898b-06ab970f6827,ChIJc2nohNEPdkgRbufAhkA20Kc
1d87356b-db82-49cf-8b5c-5145ff07b00c,ChIJsYRsCyZtdkgRCh7sqHIang0
1d8fccc5-d874-41f6-a729-f8f8f628915b,ChIJP0VuJPyu2EcRyCVwGCz2oX8
1ef0740e-8a9f-4726-a8cc-74347ebcac8e,ChIJo3nr58iv2EcRL_bfBIdnJVQ
1f052292-dd67-46dd-b754-4998a09bde75,ChIJBVUDXDsAdkgR7Va5BTUwF3A
21401988-045e-41f4-aea4-7e569540fb01,ChIJQdbBOrsbdkgRsgsliMUUJDw
220ed882-2a49-4dd6-b130-5833e43eb699,ChIJOwD8VPur2EcRmFcuZYeIZK0
223f4e2e-9536-4624-9313-51620da5fd22,ChIJ60aMBXS72EcR0k3ppS6t7vg
22fc7e30-2d09-4a6b-b70b-c13cdc5c5a23,ChIJxSJn5_MPdkgRHu-vPYwWRPA
25aa0bed-bb03-4ef0-8280-444946f4cee2,ChIJM82NWV39dUgRE08DAr0qnz8
27a3cd20-ee67-4dff-9b92-16ea8801be57,ChIJSR2DrA1V30cRg8pAHp3O9HI
27afaaca-36cc-4891-b94c-97372a1ee384,ChIJCf8F_dltdkgRRlbJ45TRRjU
29926236-ab03-453f-b3ed-5e25a213cc30,ChIJLS80PnIFdkgRzqAWL1cS09U
2bd0dcef-5a36-4f0a-b10a-6b603759fc34,ChIJOR8I4QkbdkgRrRQAzkzbrxE
2d554bb0-be99-40e8-bf1d-c80eed63ba7a,ChIJy8Lu_W-72EcR2Wc_MYgeHik
2e57b0b5-7a8e-46d3-b180-813bb05e9986,ChIJm2qDOxhrdkgRU5DqD6sjXiE
2fab6442-58cc-4dd3-9b58-f98f54eaf08d,ChIJ-UuiyK8JdkgRi_MO77W-DIQ
30433878-1f9d-4f43-bc5a-efaa67bd7ef4,ChIJFVc2pH0QdkgRwfAfu4fnA7I
3235b89f-dcd9-41b1-bf97-c5d33040976a,ChIJ35QGVryr2EcR67oHult12kE
337b5650-7a42-4eef-a127-2e40786c6013,ChIJCS7bk5ccdkgR9LqWs8-v3Fw
354b4363-74d9-44f4-b299-63fb924b7114,ChIJneJoaX3JIogRB0ZiKFKnza8
359361d7-7d14-46fa-b75b-9063257b2803,ChIJ7Ukc748FdkgRrm6orPjde5M
35fc9131-80a3-41d4-aec9-7aaa7bdb068a,ChIJXVnx_6YNdkgRooR1Db97AV4
3665e0c6-bc4b-4c1f-9252-f81945d09470,ChIJNey79jMDdkgRJiiqJEnezmI
3ab5c121-0865-4611-a0db-5772c7ce2e6a,ChIJx5F7Vd8bdkgRrQD6upVvzfM
3c574d19-9f31-4113-9219-abff66345fe7,ChIJ-XoBBXet2EcRnNpnnk8dzU0
3d56156b-db3f-4001-9842-043d2e5ea381,ChIJH4EpGmYZdkgRILEWc_I4sH0
3d5e676c-dced-4630-a5d1-9a3bd3386a00,ChIJ1aMTVb8bdkgRBxeMPJoiNrg
3de36961-b49c-4dd1-91e3-a58908a08e0c,ChIJ51RDq8er2EcRKCqTclEiPbo
3f4d2a24-7fdd-438c-9e1a-e8fd259ec0d5,ChIJjUWw1OAXdkgR0nElFe0CPp4
4006c096-22c5-4936-8366-f8d6b1847b54,ChIJb1JHrq0LdkgRDnzJvbwhv_A
406b651d-e252-44b6-9a7f-57920e76cfbe,ChIJ3RPX8Far2EcRGL8eGpOQbzw
40a8c406-697a-40ed-acbe-d00a5285ff32,ChIJyYdJOTYPdkgRet9KdqDTS7Q
41eff5f9-5c11-4255-8c28-de1ae26b2e82,ChIJr2zGNTgZdkgR2IjwpWK-PXY
4320a168-c5f5-4918-afd0-33cf749552ba,ChIJtYOtcsgTdkgR5d6nLqm9S70
4490bc91-34e6-45c8-80a5-3f08b564a24c,ChIJi100BTGj2EcRWKuZKO7oxac
451f8e13-26a0-4b50-909c-852f6e8f4ad6,ChIJjR82ekQOdkgRUh1XTXPDW58
452898bf-66f7-4666-8c91-4ff6a804dcbd,ChIJZdWWfIADdkgRPEZMS9o3TDs
45516e3f-192a-45e0-864f-4a3dcda62e10,ChIJZdWWfIADdkgRPEZMS9o3TDs
4629b387-ab4b-4858-9105-621e5cce91cd,ChIJTQF-9Auv2EcRwdbcWl4frow
4635c034-b008-40a1-870f-d51555d75e1a,ChIJoQu5JXMHdkgRdLkrTms8STU
464b7282-5fa0-48a5-b49c-c4542fc89018,ChIJXSGJ0eip2EcR3NzEVQr2KtI
47c284e2-4b9f-4ace-b53a-607d38a8a6b7,ChIJze4Fw58FdkgRcEDFEUUaE50
4952e48c-3485-4594-a36a-f77456167b12,ChIJkWqRGiMHdkgRJXltxldvGGE
4cebdaf1-fc94-4497-b1dd-c4fb5ee1c9c1,ChIJ72zf1-0LdkgRksOje6w8oKk
4d2dc942-3bfc-49b4-9716-0e251ad51fcd,ChIJhZWzjREXdkgRaYY42MSq1yk
4f0dd74f-694d-49f5-97e8-684073130362,ChIJC89Kgd0bdkgRoY1Qt9b2Omc
506e8fca-ba55-4de0-8347-dcee9496805b,ChIJ2_ecMXcddkgR0jJQB56ZAKs
5172e555-9fd7-4eb0-82b6-a027acde0211,ChIJBxqKlFmv2EcRaZvEBZn8Wi0
5235607e-4909-48d4-9b1f-08460f17d22a,ChIJkYSZTLir2EcReNkwOj0pR5k
5296ac2f-b529-470f-af9f-b42ebad24241,
52fded20-4a67-48fa-8c27-30eab9c2c21d,ChIJb2nhLKsbdkgRGN0C19bFURQ
534bd02f-90c7-4477-8b1c-42448ad59770,ChIJNQ7T3WKs2EcRXP6qZB8kLII
54be4c44-1299-47bd-9c3e-8e2d4afddafb,ChIJQWjSrHap2EcRWmiOszepNa8
558cf42e-9478-4b28-b8c2-c96238a7b933,ChIJpwevijEEdkgR1xpiRXy2Akw
5662cef5-b1bb-47ed-a187-3d5df126515c,ChIJgXB0aZYJdkgRZqy6XQl4btI
57b20a24-d6d9-4dac-b915-4939112d865f,
57d82e38-981e-4a66-9b1f-2b72108f98b9,ChIJoe4LmkEddkgRD3weOOj_j10
58714216-0d40-4d67-b1f2-35805d572ee6,ChIJC0uDrxul2EcRckhEm4Yjqz8
58e3a05e-16eb-4e88-b3b9-a3ab8dcab2ca,ChIJFSJIcQMRdkgR8r4wAYmp1YY
5a1f5a63-1881-4c0f-a252-651c1e17b155,ChIJuzMEwW8ZdkgRQWb-SjhQZcE
5a8fe87b-c9c6-4b84-a805-af7bd674a660,ChIJvU1O-DYbdkgRYKPJBRWWtmI
5aff4aa6-e8ec-4408-9239-130ac24e045a,ChIJ2xnJ93wXdkgR0GkTZxWmYYw
5b1aafdf-ef1d-4491-9ca4-91d6b72d7ded,ChIJsZwq11mq2EcRsqx3_zqFtKw
5b745b2c-f29a-42a5-bc40-956ee2bd6fc6,ChIJNYBubAKv2EcREEKiz1Q1wOo
5bfb4d1e-bb66-4427-ae5d-595680000b0d,ChIJE7oA-zgfdkgRVyDsvilrOwE
5c700117-e8bc-4558-9ff0-0f8ac02ddf7a,ChIJb6nfy5b9dUgRDXgmEluTnGc
5ec1c68b-91df-4b3f-8002-66630d2d366d,ChIJudLnHq8VdkgRjBv0hVqZuGU
5facdb1b-26f8-4b35-8430-4bfc3f25dd9f,ChIJdRdcNJ5tdkgRqn8TtW-vPVU
5fd45ae8-2569-4371-9293-b6346f34fcc4,ChIJoyKhmyKu2EcRsUtXSqEgAJc
601e4f29-27b6-4f02-92d4-0e4ed851a974,ChIJv3iBqlgPdkgRNDp-jtggkL0
635d51aa-b2d6-4df6-8cb8-dfbe8b213009,ChIJ8XJCqNwWdkgRqvXC5f_lYEc
64dfdbc4-5832-4366-8fd3-fb1b675001de,ChIJVRMH8_8bdkgRzp3NXketz3M
655e39da-b1ff-40bf-8f6b-c9cb98594423,ChIJvbHxrWwJdkgRXD7_qqPm18o
656ed795-dab5-4d3d-9f6f-706927ab91da,ChIJIayTYxOr2EcR-6CVAQ5MSvI
674f107c-7e23-478f-8938-71762186b70f,ChIJN5Qw94hU30cR81lwo6ivGKM
68d6d86f-4f2e-4057-acfa-10e2c4d2fc89,ChIJkY9k7QpN30cRM-pft9-hpvI
6ba21d25-04ca-400c-8cad-7ef5c7830aed,ChIJS9UgrBql2EcRUwltCDefmlE
6c933001-2251-4849-b085-ca449476bee7,ChIJP-_T1vkIdkgR-vYUVz_1CWU
6dc5dd78-29bf-4850-90a5-b3657ed9c1d7,ChIJBR_cY7IUdkgRrlsH6mTlJ60
6fd96600-ea62-4855-846e-254e635055c8,ChIJh2lZFPEAdkgRPOjs_l3QRvA
71401da5-2a73-4091-b5dd-0dae6f166f29,ChIJWzeRoM4RdkgRKFqDQLpKilg
72a4f460-6664-4648-b6ff-87c71c9b7c48,ChIJSzWBC4Kx2EcRQlnLuLdL84s
73e19f08-43f1-4f2b-9397-78f88395bb1f,ChIJA3m0gUkNdkgRKhxjkXsjHjY
742ce941-cf14-4eb8-9f65-d7107175f53f,ChIJizjbEtAFdkgRIe1OxUfjWmo
76b2202d-c878-4603-a2eb-4635d393e3da,ChIJd6JNjVsZdkgRIC81sRfFZB8
77273499-6d36-4db7-acea-d5e8fbb86978,ChIJdwG_09yv2EcRK3ElplX4V20
783ec54d-ed22-45e7-94c5-24225d97852b,ChIJCbaMACEPdkgRKSPbTXKlIaE
78f320b3-decd-4972-9dbd-303fe3422cbe,ChIJgTloUyOp2EcRHyql4cMt1QA
7937ae0e-f8e1-422e-a761-8b44a1fdb26d,ChIJoZBAoyITdkgR_qFmFEk4fVk
7a8ceedd-246c-4f89-a54d-cd7563a6a9c8,ChIJN0lvnavidUgRwUQgmurZhug
7ada5d58-e07f-4239-ae90-52d6254641a7,ChIJq-Lu1fb_dUgR67YYtFbM8ek
7ae97965-610c-4469-b193-acc5098f7654,ChIJ82TPOr4FdkgRaz0ZuDwHwFg
7b7da810-cc0b-4e09-a1e0-379e9139fceb,ChIJK894PcOn2EcROBxuz1EWUDo
7c678c87-068e-4b96-8cab-99698cc28601,ChIJE7YTtxir2EcRfQTVIXUE2gw
7c8a6746-86ce-4a63-a993-1ba0a9033f69,ChIJRc-JBiuh2EcRWuSX7F0Y4Bc
7cac80c1-526a-4fe2-9eae-11c953b4cd44,ChIJO3_gIBRvdkgR_xLdfPtgdME
7cfc7f3d-770f-460b-92ff-1db0dd5ff615,ChIJMVFGRBsZdkgRAGcu_wzbCkc
803753cf-c959-4a54-849d-e7f80758fcb0,ChIJYRMVGTkedkgRWLBaRnnd1AA
8063984d-a66b-41d6-9e77-66e13f392d6f,ChIJK339Bh-r2EcRVF0CBuv6L-0
81bc5bdb-e20d-4b29-a129-d28cb39d8957,ChIJP6moaeMddkgRrZPMl0XWZEQ
8286aeb5-518b-43a3-a854-e74559b65345,ChIJyQkRTIUNdkgRY07NLuwW1Sw
83150eb3-9b27-48d7-a80a-99ac4c4e67e9,ChIJ9b4XESyt2EcRkIbkPIR64SA
83f54632-14d9-4d52-b7ed-319623a44ed6,ChIJSx0hRVGr2EcRbmcTC-gvO-E
84323c4f-1cd3-42b2-a730-9de82df62c3f,ChIJmfvzzK8fdkgR9ORcu1eP60I
86eb3470-db75-4c73-90bc-a797c7ee01b1,ChIJZ74Fpen9dUgRTOZ6gSCKSo4
890aebb2-b64d-48a4-9542-b90b2c070e3c,ChIJB4aZPQqp2EcRwYnvh3O3HSk
896cc9ad-2c94-4ef4-963b-ef1f65611943,ChIJ24wL7vsPdkgRwOUgsgVc9io
8a084bc5-f472-4393-bf24-aa4b8d5fe2bb,ChIJn5HG_J4FdkgRxx498d7ZiX0
8a48683a-d946-4791-a965-e08c03fa76da,ChIJj50LruARdkgR3nK7Gd0EXqM
8bec11c8-a8a9-4a58-bd94-23b3577d51b8,ChIJLSFzFwUbdkgRqyPxW9azxQE
8dc51ce1-6086-4b84-a832-84ab49cd98cc,ChIJ-QbzOuIcdkgRTK4RduTUtA8
8eeb67ca-0574-4564-b2b0-2af3c7eb2071,ChIJ93BLnsQbdkgRjo8XYgxTXys
8fa74054-baae-4faf-9ade-cd5a0049bdd6,ChIJNZYVYxEJdkgRWMj4nbGxBXM
8ffb12ec-afc0-4e9b-8562-4b4de3b7cf21,ChIJV8I-rF6p2EcRJ4JqV-SxNiw
913db416-7bd6-4767-a656-0a6a4b651343,ChIJN_ou3WgXdkgRu0tZdaW-Md4
91a6861d-c318-4e3b-8a64-de0103e9fe77,ChIJc4cW9aIPdkgRAHu3-NctzVk
931c043e-e82c-4a3c-abd2-975739b9ad4d,ChIJOxkRQ_f_dUgRffiS6H-wUOo
9590f12d-d745-4302-9ec9-c2019cd2225d,ChIJYdg-yS6h2EcR8Qrk82ZJ41w
96c87b81-d16e-4803-8a93-a4e694225798,ChIJ5V6p5aMFdkgRYjE7B25gBj4
973a842a-9b9b-48a9-88b7-5ce905df7bf8,ChIJOQfqvBINdkgRUwlpQa5uinE
97828744-b27b-48fa-8cd4-e79a803951bf,ChIJ67d6E-uv2EcREjMd9GDxpTM
986f6fb8-62e9-4ebf-907d-696895ab506a,ChIJXXCWjs1tdkgRahZIiBEWFKA
99b4cf44-eb36-43a1-8e39-7f39cd3c2069,ChIJqYzVmoKv2EcR1AX5WjVcd3M
9a57740e-8aec-4668-8c23-5012c61183e8,ChIJ81W7YSMRdkgRxAZqNDGw0xo
9ba55391-81f5-4d33-988a-a1521d7e06e1,ChIJI743hIej2EcRcmbowLIvRdg
9c4eeb63-c69f-4f34-bb65-e479fcd4f487,ChIJi0cXTz0adkgRYMjeg6TOfBg
9cc760ad-e5a7-4959-bb01-a7773cd04626,ChIJU2aup2gTdkgRrX0nolZtxOs
9f77c9b5-5188-43a0-8c81-dfe6fd7c1b7f,ChIJyUCJHx0HdkgRsOJ2vi9CEgw
a12b0740-b301-4c86-a0ef-efd2b053153a,ChIJt_fIWY0NdkgR-T_5zYWcBWo
a1d118ed-6c21-4383-82f0-76bd4ca682d5,ChIJ5RsqWCWp2EcRn5ZF1-9fxeA
a51124c9-b8b9-48ee-a2c6-71c24d414aa5,ChIJyxp7wbURdkgRgBU1iXEcDb0
a7705641-bc26-40b5-92a1-9b863dedbc36,ChIJ-d_7lPe92EcReFBYHWOpjgM
a805497c-6812-4834-b5f1-a5d6b191f626,ChIJTWZ9FQABdkgRuIsjmNmRoRU
a9f7ac8e-a5e9-4b09-be46-c488cdf25616,ChIJzYCcx0EbdkgRpnccWQdmCmA
aa51f0b6-60ba-4b76-b712-41d3efea723c,ChIJ_d4Dg8UJdkgRmnX-SZ3NMxk
aaa08779-c711-4bba-b127-bdbc783b185f,ChIJW9QC9ugFdkgR6-anbgNxY5o
aab99e5d-eb7b-4dcb-a339-b9aed19d4085,ChIJ_f4qpksYdkgRz0xU4AD838Y
aaca2d72-83f4-4e7d-90f0-9a0cd7c8381d,ChIJ-xJErXoJdkgRupGdFAoPvWs
acc20694-323e-4e06-afb2-b8fd36afae70,ChIJ31f9IJEXdkgRlOWuGKBifNY
ad7ea0c3-c3e3-4d5c-a265-c756f297ce54,ChIJxXZK8m1rdkgRkm1lia0MMJ8
ae6e7d31-02e2-465f-b7e8-ee6d6b891371,ChIJO_tpGxKp2EcRVL4VpSbye1Q
ae949db7-12c5-4d18-af63-220bda3760c0,ChIJ38H7Adql2EcRBEWxJK49dYU
b129ed63-00f1-4846-aca4-9312c2c3a509,ChIJwYEbKWEbdkgR317o8fi9pD0
b147a214-87aa-4b9e-9d72-b3dac2b4a012,ChIJ7S_q5FIbdkgRUJbLAhMlj44
b1629ed6-155d-4138-978d-24739b3cd1f7,ChIJR8EU2usBdkgRK2cQOMFQBD4
b2eccaa1-9fcc-4f3f-95b0-66a21f99666d,ChIJQQZJLp8ddkgRKqj8pau8vow
b378ff5e-d291-4d07-9ec6-7eb78c44f6a2,ChIJP4SthsoFdkgRisKxE7GOaL0
b3a6aafd-8123-4713-b6e0-97222bb301e0,ChIJVaZfXH672EcRW3Ffo5_RNCk
b3a7306e-3ef5-4b03-a59e-251dfe129252,ChIJ14iLWeQHdkgRbiCn71w_cFs
b46b5298-db65-44be-a35d-7552d8fe7661,ChIJYaWCTQhV30cRjyA3r3C6W18
b4f17f93-5857-45a5-b15f-0b65cfa07587,ChIJ1zUq_7cJdkgR2xuOO2RUNA4
b5334f68-06cd-48bb-af1d-6d0b712e6590,ChIJpYdIaQAFdkgRlOuIc4qrdW0
b5cdaa12-0e12-4a2e-a9ee-47e45146a6d0,ChIJpYdIaQAFdkgRlOuIc4qrdW0
b99a977b-acd0-4d17-89c6-09f71ab562a7,ChIJE6cG-liv2EcRqd_ugL-q-UQ
bbdfb391-dd7f-4859-b617-73b3efb22c77,ChIJEdlVcNnhdUgR1aJY3aeBzzQ
bbf07714-fa26-412e-a195-ad71b4048a6a,ChIJ1Ul0QvSu2EcR8whwEa1E7CY
bcb6496f-3c6b-4bc4-8ca1-4542ec6235c3,ChIJwZ-hF00HdkgRe2Jd-h7w6l0
bcf96e1e-87b6-47d9-808f-8f9ebe4e623f,ChIJ7cQzbPAHdkgRlDbNUPiM88o
be21331f-06f1-41d8-ba28-ee7336b50df0,ChIJgU4Xbtir2EcRkfrF3WpuK7w
bedd4964-d2cf-479a-9b7a-2bd8e6953d40,ChIJB5IKU4wOdkgR-SW6flcCkno
bfa03c0c-4256-4918-a725-ea7feb26607a,ChIJI59GiMkRdkgR8UWUKNqHOco
c041a502-829c-4d4e-8fef-e330ce37973c,ChIJiUEwJoql2EcRk4hny_Pl8SU
c08dc884-ff9e-4ac6-892b-11bca0461c31,ChIJK8Rv-50MdkgRYhZ63suznS4
c2d33313-daed-4aa5-893c-dbd7b2334661,ChIJw4TT0Ryn2EcR1buPukF4M1o
c310c60d-8367-47d4-a8a8-7328c057ac44,ChIJq6pj85EXdkgRtgPV-dOf1HY
c4562d56-df8e-4006-ba52-011d99801afb,ChIJR-euLRwTdkgRXnSJHIgJbUU
c4ca5b46-46b2-4b10-bb2a-9d20f65a2d20,ChIJG0eeZ1aq2EcRiy5YAoCGDUo
c4d50bc4-10bc-4598-851c-387a92e44b55,ChIJTZi9WLdtdkgRAxVCaSGPVMU
c5616d93-ff9b-4922-99d6-0e648931e11b,ChIJ6YHUGwC92EcRjm3kjQSYCPk
c61a5c5a-701f-4b35-a4c4-641d351159be,ChIJBQ_3n4QBdkgRpZGSWTp_qJA
c8c91cd1-17fe-4ac6-991b-6024fa1e87fd,ChIJDQ7OWUWx2EcRJcKtwzU0kAg
caee2f3b-8329-4d8f-af76-81de44899614,ChIJNcBf4npmpC4Ru9JcKqXVyMI
cd02bc9a-31f5-4cc9-bfe3-b3a02b9edec7,ChIJyRUghAoFdkgR4BcqlBVgD_0
cd431af6-5df3-44df-a82f-4c795a942429,ChIJUS5E5I4OdkgR_rBcBhwzXXk
cd83427c-9eed-4e7e-ab13-f84b7bbcf52f,ChIJzwkYNk-v2EcRyAJgBduGFQk
ce1e7d06-51bd-47ae-b2c9-ed57ed48b8d2,ChIJ4aAad9Sr2EcRKM4DH1S20kY
ce9f2d83-ce90-47dd-b99e-b6fe3a02c72e,ChIJN9_nAIoBdkgR8L6Tmv8Aw2g
cede093d-6ed6-4c78-9e2b-e12f58779d1e,ChIJBcSdfE4NdkgRkdQCqcVMyu4
ceff99b2-7b1d-4558-938f-ce82a9b65caa,ChIJj6eCyJ-q2EcRMI__S2UVdS4
cfc2ba85-0bc3-4800-8f50-591f8d415395,ChIJBwi0sR8TdkgR5kYlpIOnbf0
d05e62ac-fb45-4dfb-9865-db7537f94c69,ChIJH4zTrJcfdkgRtauZ9J9fms4
d2a93d19-3929-488d-b265-bec05fe2b3c7,ChIJ_1hr8d0XdkgRyolkXG0otKA
d3407ccc-1cdd-45b5-9a6a-bca36376423f,ChIJtcyrE9AAdkgR8qVo7uzqYi4
d4399c82-e584-492e-97ac-315beaf6bcba,ChIJq5o4hFkAdkgRTyDCi6no3eY
d660020e-67e9-4f72-9938-3066a8d775e1,ChIJG_bRsGYDdkgRTYjv8QZtopg
d70dcdc8-e80a-4d18-a8ea-ea03637f672c,ChIJa8chy2ADdkgR7pcSaEynliE
d74e6296-079a-495e-804f-ec553906431b,ChIJB25WNPQNdkgRkwkD6aoVGWA
d7ded42c-4b82-4a78-a590-02fae1f11c1a,ChIJ71CTpAcddkgRmKE1Ym_Fqo8
d97c4b3e-2359-4100-b7b2-544ee97512ab,ChIJp3vK-gGl2EcR3WrYi3AKV6o
de54e139-a99c-436b-acd0-bb3f71864efa,ChIJNX52deRrdkgRsBiaqTeOGJ0
def60221-3519-41d7-bdae-d4bce7254181,ChIJrYSGMiIFdkgRl0WgS6hD3EY
e30e56f0-f9d5-4ba7-97cc-583a660b8c73,ChIJlTZXwsgMdkgRWKHLZ-3Krq4
e4fcac54-a78a-4522-b017-fe9652dfa866,ChIJfYoycBJV30cRDV1PgKlk-zg
e6669a67-aea4-422b-a02b-042a3dadfb93,ChIJ5x_HuOAPdkgRHx2w3DY0RV0
e87efa8d-c782-4959-8530-ad527bda4382,ChIJW45BAb4NdkgRlg6iW9xY7B0
e98a851e-4bfe-4bf5-9244-4b5068efbc18,ChIJX1ZyO4MXdkgR2X1UkIS6PlE
eb4677b8-be70-4e6b-805e-3bd5c2bbda92,ChIJMXcXviYQdkgRveEMS2eQypk
ebdd94d1-c7cd-4fa3-a3b1-032d138f132e,ChIJHRuIktCt2EcREIfoFWCwyEY
ec0c4476-8a95-4ce0-a28e-870396d35a08,ChIJoUbUQ3IFdkgRgfNg6kMc6QY
ed9a2b44-c4a1-49a4-8311-34ce6d222288,ChIJeei1lru72EcRV73hZzlHsKE
efab2ef1-627a-453b-8c99-d912dfd263d5,ChIJ-SB7cXwQdkgRZpn6EqGjTyk
f12dc085-9d22-416f-a97c-caddba24bede,ChIJIbYWfv0ddkgRU3EBb-xkipE
f74fb4a6-c99f-47b1-b758-f7d62417529a,ChIJe2M9BCCl2EcReSm6_1g54QQ
f7fa894b-fccd-44f8-b473-4407fd84f954,ChIJRcBQY6MHdkgR61Wjop4x7wE
f808211c-5054-4231-ba7c-6a3af4fbe7b7,ChIJBdiIavAZdkgR3_5yyPpuwiI
f838fce8-dd60-4d3f-a95b-d65cc98de55d,ChIJYXn_f0IFdkgRmHtjYkVVHIU
fb432ad7-435a-40aa-ba93-bb1b32faef66,EhdBZ2F0ZSBSZCwgTG9uZG9uIFc2LCBVSyIuKiwKFAoSCdEPQlHJD3ZIEQ-BkPc0sabqEhQKEgnz8xe3Wxt2SBEKsgA5eS6RSQ
fb643932-6e95-493e-ba96-a638b1b675c1,ChIJV53SyTEFdkgR-Te-tH4L6HE
fbd88827-5da7-4265-ba17-ba8b049f7569,ChIJGbEMtMcXdkgR6fkj5LX-MWU
fe1b5b0b-bf61-49c1-89a7-9dcf9b87a68b,ChIJJVSTzuAZdkgR4Kn5hDUS_ug
fe64e76a-6075-4295-987f-4c8192e64b0f,ChIJZZ9rLy6s2EcRi99REIkOVfM
ff1124f4-fc7b-4609-b251-416b7a6a04fd,ChIJM0lybG4JdkgRMVHyWMZz1bs
